name,datetime,tempmax,tempmin,temp,feelslikemax,feelslikemin,feelslike,dew,humidity,precip,precipprob,precipcover,preciptype,snow,snowdepth,windgust,windspeed,winddir,sealevelpressure,cloudcover,visibility,solarradiation,solarenergy,uvindex,severerisk,sunrise,sunset,moonphase,conditions,description,icon,stations
west bengal,2013-11-01,87.8,68,76.9,87.8,68,77.1,64.7,69.3,0,0,0,,,,,6.9,292.7,1012.9,0,1.3,217,18.8,8,,2013-11-01T05:40:50,2013-11-01T16:59:01,0.93,Clear,Clear conditions throughout the day.,clear-day,"41946099999,VECC,42809099999"
west bengal,2013-11-02,87.8,69.8,78.3,89.3,69.8,78.7,65.3,67.2,0,0,0,,,,,6.9,289.3,1012.2,0,1.4,213.8,18.4,8,,2013-11-02T05:41:23,2013-11-02T16:58:26,0.96,Clear,Clear conditions throughout the day.,clear-day,"41946099999,VECC,42809099999"
west bengal,2013-11-03,89.6,71.6,78.6,91.2,71.6,79.2,66.7,69.7,0,0,0,,,,,6.9,313.9,1013,1,1.5,215.7,18.5,8,,2013-11-03T05:41:56,2013-11-03T16:57:52,0,Clear,Clear conditions throughout the day.,clear-day,"41946099999,VECC,42809099999"
west bengal,2013-11-04,87.8,69.8,78.7,90.3,69.8,79.8,69,74.7,0,0,0,,,,,5.8,325.4,1014.4,0,1.2,201.3,17.3,7,,2013-11-04T05:42:29,2013-11-04T16:57:20,0.03,Clear,Clear conditions throughout the day.,clear-day,"41946099999,VECC,42809099999"
west bengal,2013-11-05,86,71.6,76.9,88.4,71.6,77.8,68.8,77.7,0,0,0,,,,,8.1,353.5,1015,0,1.2,199.4,17.3,7,,2013-11-05T05:43:03,2013-11-05T16:56:49,0.06,Clear,Clear conditions throughout the day.,clear-day,"41946099999,VECC,42809099999"
west bengal,2013-11-06,84.2,68,75.8,86.5,68,76.6,67.3,76.4,0,0,0,,,,,9.2,357.5,1014.4,9.9,1.4,204.3,17.7,7,,2013-11-06T05:43:38,2013-11-06T16:56:19,0.1,Clear,Clear conditions throughout the day.,clear-day,"41946099999,VECC,42809099999"
west bengal,2013-11-07,84.2,68,75.4,87.4,68,76.1,67.3,77.5,0,0,0,,,,,5.8,22.4,1013,12.9,1.5,215.3,18.6,8,,2013-11-07T05:44:13,2013-11-07T16:55:50,0.13,Clear,Clear conditions throughout the day.,clear-day,"41946099999,VECC,42809099999"
west bengal,2013-11-08,84.2,66.2,75.6,85.7,66.2,76.1,65.3,72.4,0,0,0,,,,,8.1,0.4,1011.8,4.6,1.8,218.3,18.9,8,,2013-11-08T05:44:48,2013-11-08T16:55:22,0.17,Clear,Clear conditions throughout the day.,clear-day,"41946099999,VECC,42809099999"
west bengal,2013-11-09,86,68,76.1,87.5,68,76.5,65,70.2,0,0,0,,,,,8.1,354.7,1011.5,2.3,1.9,219.5,18.8,8,,2013-11-09T05:45:24,2013-11-09T16:54:56,0.2,Clear,Clear conditions throughout the day.,clear-day,"41946099999,VECC,42809099999"
west bengal,2013-11-10,86,68,75.9,87.5,68,76.3,63.6,67.2,0,0,0,,,,,10.3,348.6,1010.7,0,1.8,223,19.3,8,,2013-11-10T05:46:01,2013-11-10T16:54:31,0.25,Clear,Clear conditions throughout the day.,clear-day,"41946099999,VECC,42809099999"
west bengal,2013-11-11,84.2,68,74.4,83.5,68,74.3,61,66,0,0,0,,,,,11.4,350,1009.9,0,1.9,221.1,19,8,,2013-11-11T05:46:38,2013-11-11T16:54:07,0.27,Clear,Clear conditions throughout the day.,clear-day,"41946099999,VECC,42809099999"
west bengal,2013-11-12,84.2,64.4,72.6,82.8,64.4,72.3,55.5,57.7,0,0,0,,,,,10.3,351.1,1010.8,0,1.9,220.4,19.2,8,,2013-11-12T05:47:15,2013-11-12T16:53:45,0.31,Clear,Clear conditions throughout the day.,clear-day,"41946099999,VECC,42809099999"
west bengal,2013-11-13,82.4,60.8,71.3,81,60.8,71,54.4,58.8,0,0,0,,,,,10.3,353.3,1011.1,6.9,1.5,207.2,18,8,,2013-11-13T05:47:52,2013-11-13T16:53:24,0.35,Clear,Clear conditions throughout the day.,clear-day,"41946099999,VECC,42809099999"
west bengal,2013-11-14,84.2,60.8,71.7,83.1,60.8,71.6,57.4,63.1,0,0,0,,,,,8.1,352.5,1011.6,0,1.5,202.5,17.5,8,,2013-11-14T05:48:30,2013-11-14T16:53:04,0.38,Clear,Clear conditions throughout the day.,clear-day,"41946099999,VECC,42809099999"
west bengal,2013-11-15,86,64.4,74,85.5,64.4,73.9,60.7,66,0,0,0,,,,,39.1,346.1,1012,0,1.6,206.2,17.8,8,,2013-11-15T05:49:09,2013-11-15T16:52:46,0.42,Clear,Clear conditions throughout the day.,wind,"41946099999,VECC,42809099999"
west bengal,2013-11-16,87.8,66.2,75.8,87.1,66.2,75.6,61.6,64.7,0,0,0,,,,,10.5,358.7,1013,20.4,2,216.3,18.9,8,,2013-11-16T05:49:47,2013-11-16T16:52:29,0.45,Partially cloudy,Partly cloudy throughout the day.,partly-cloudy-day,"41946099999,VECC,42809099999,remote"
west bengal,2013-11-17,82.4,68,73.6,82.1,68,73.6,58.8,61.4,0,0,0,,,,,10.3,354,1013,53.8,2.1,200.8,17.5,7,,2013-11-17T05:50:26,2013-11-17T16:52:14,0.5,Partially cloudy,Partly cloudy throughout the day.,partly-cloudy-day,"41946099999,VECC,42809099999"
west bengal,2013-11-18,84.2,64.4,73.2,84.4,64.4,73.3,60.6,66.7,0,0,0,,,,,11.4,347.9,1013.3,6.7,1.9,212.3,18.3,8,,2013-11-18T05:51:06,2013-11-18T16:51:59,0.52,Clear,Clear conditions throughout the day.,clear-day,"41946099999,VECC,42809099999"
west bengal,2013-11-19,84.2,62.6,71.8,83.9,62.6,71.8,60.6,70.7,0,0,0,,,,,9.2,356.4,1013.3,1.1,1.6,207.9,17.9,8,,2013-11-19T05:51:45,2013-11-19T16:51:47,0.55,Clear,Clear conditions throughout the day.,clear-day,"41946099999,VECC,42809099999"
west bengal,2013-11-20,82.4,60.8,70.6,82.5,60.8,70.6,58.9,69.5,0,0,0,,,,,8.1,358.9,1011.5,4.6,1.5,192.1,16.6,7,,2013-11-20T05:52:25,2013-11-20T16:51:35,0.59,Clear,Clear conditions throughout the day.,clear-day,"41946099999,VECC,42809099999"
west bengal,2013-11-21,82.4,60.8,70.5,81.7,60.8,70.4,57.4,66.5,0,0,0,,,,,9.2,11.8,1011.2,3.5,1.4,186.2,16.1,7,,2013-11-21T05:53:05,2013-11-21T16:51:25,0.62,Clear,Clear conditions throughout the day.,clear-day,"41946099999,VECC,42809099999"
west bengal,2013-11-22,82.4,62.6,73.3,82.9,62.6,73.4,59.7,64.7,0,0,0,,,,,9.2,6.9,1012.5,25.7,1.7,198.8,17.1,7,,2013-11-22T05:53:45,2013-11-22T16:51:17,0.65,Partially cloudy,Partly cloudy throughout the day.,partly-cloudy-day,"41946099999,VECC,42809099999"
west bengal,2013-11-23,84.2,64.4,73.5,83.5,64.4,73.5,60.7,66.5,0,0,0,,,,,6.9,16,1012.2,6.9,1.5,198.8,17.4,7,,2013-11-23T05:54:26,2013-11-23T16:51:10,0.68,Clear,Clear conditions throughout the day.,clear-day,"41946099999,VECC,42809099999"
west bengal,2013-11-24,84.2,66.2,72.6,82.8,66.2,72.5,59.8,67.2,0,0,0,,,,,6.8,11,1012.2,0,1.5,176.3,15.1,7,,2013-11-24T05:55:06,2013-11-24T16:51:04,0.72,Clear,Clear conditions throughout the day.,clear-day,"41946099999,VECC,42809099999"
west bengal,2013-11-25,80.6,62.6,71.1,80.8,62.6,71.1,59.2,68.5,0,0,0,,,,,8.1,352.5,1010.5,8,1.2,171,14.7,6,,2013-11-25T05:55:47,2013-11-25T16:51:00,0.75,Clear,Clear conditions throughout the day.,clear-day,"41946099999,VECC,42809099999"
west bengal,2013-11-26,82.4,62.6,71.1,82.5,62.6,71.2,60.6,71.7,0,0,0,,,,,5.8,335.7,1009.2,0,1.2,167.2,14.2,6,,2013-11-26T05:56:27,2013-11-26T16:50:57,0.75,Clear,Clear conditions throughout the day.,clear-day,"41946099999,VECC,42809099999"
west bengal,2013-11-27,84.2,62.6,72.2,84.4,62.6,72.2,62.2,73.7,0,0,0,,,,,5.8,9.1,1011.3,2.1,1.4,173.5,14.8,7,,2013-11-27T05:57:08,2013-11-27T16:50:55,0.81,Clear,Clear conditions throughout the day.,clear-day,"41946099999,VECC,42809099999"
west bengal,2013-11-28,84.2,64.4,73.6,85.7,64.4,74,63.8,73.1,0,0,0,,,,,6.9,51,1013.5,32.2,1.5,184.2,15.9,7,,2013-11-28T05:57:49,2013-11-28T16:50:55,0.85,Partially cloudy,Becoming cloudy in the afternoon.,partly-cloudy-day,"41946099999,VECC,42809099999"
west bengal,2013-11-29,86,68,75.7,87.5,68,76.2,65.3,71.9,0,0,0,,,,,4.7,18.6,1013.4,26,1.5,177.9,15.4,7,,2013-11-29T05:58:30,2013-11-29T16:50:57,0.88,Partially cloudy,Partly cloudy throughout the day.,partly-cloudy-day,"41946099999,VECC,42809099999"
west bengal,2013-11-30,84.2,66.2,75.4,85,66.2,75.6,63.9,69.2,0,0,0,,,,,9.2,8.7,1013,10.1,1.5,155.9,13.3,6,,2013-11-30T05:59:10,2013-11-30T16:51:00,0.91,Clear,Clear conditions throughout the day.,clear-day,"41946099999,VECC,42809099999"
west bengal,2013-12-01,82.4,64.4,72,82.9,64.4,72.2,62.5,74.1,0,0,0,,,,,9.2,351.8,1013.8,0,1.3,168.2,14.5,7,,2013-12-01T05:59:51,2013-12-01T16:51:04,0.94,Clear,Clear conditions throughout the day.,clear-day,"41946099999,VECC,42809099999"
west bengal,2013-12-02,82.4,60.8,69.9,81,60.8,69.8,57.1,67.6,0,0,0,,,,,8.1,349.4,1013.5,0,1.6,184.6,15.9,7,,2013-12-02T06:00:31,2013-12-02T16:51:09,0.98,Clear,Clear conditions throughout the day.,clear-day,"41946099999,VECC,42809099999"
west bengal,2013-12-03,82.4,60.8,70.5,82.5,60.8,70.5,59,68.9,0,0,0,,,,,8.1,347.9,1013.2,0,1.4,184.1,15.7,7,,2013-12-03T06:01:12,2013-12-03T16:51:16,0,Clear,Clear conditions throughout the day.,clear-day,"41946099999,VECC,42809099999"
west bengal,2013-12-04,82.4,64.4,72,83.4,64.4,72.2,61.2,70.1,0,0,0,,,,,9.2,352.8,1012.7,2.3,1.7,176.4,15.4,7,,2013-12-04T06:01:52,2013-12-04T16:51:25,0.04,Clear,Clear conditions throughout the day.,clear-day,"41946099999,VECC,42809099999"
west bengal,2013-12-05,82.4,62.6,71.4,81.7,62.6,71.3,59.5,69,0,0,0,,,,,8,348.2,1011.9,0,1.7,180.1,15.4,7,,2013-12-05T06:02:32,2013-12-05T16:51:35,0.08,Clear,Clear conditions throughout the day.,clear-day,"41946099999,VECC,42809099999"
west bengal,2013-12-06,80.6,60.8,70.1,80.5,60.8,70.1,56.2,63.4,0,0,0,,,,,6.9,359.2,1011.3,0,1.6,176.8,15.3,7,,2013-12-06T06:03:11,2013-12-06T16:51:46,0.11,Clear,Clear conditions throughout the day.,clear-day,"41946099999,VECC,42809099999"
west bengal,2013-12-07,80.6,60.8,70.1,81.1,60.8,70.1,59.8,71.1,0,0,0,,,,,5.8,8.5,1011.9,8,1.5,178.7,15.2,7,,2013-12-07T06:03:51,2013-12-07T16:51:58,0.15,Clear,Clear conditions throughout the day.,clear-day,"41946099999,VECC,42809099999"
west bengal,2013-12-08,78.8,60.8,68.8,78.8,60.8,68.8,58.9,72.1,0,0,0,,,,,5.8,8.6,1011.3,30.9,1.4,178.4,15.3,7,,2013-12-08T06:04:29,2013-12-08T16:52:12,0.18,Partially cloudy,Partly cloudy throughout the day.,partly-cloudy-day,"41946099999,VECC,42809099999"
west bengal,2013-12-09,80.6,60.8,68.5,81.5,60.8,68.5,59.2,73.7,0,0,0,,,,,5.8,8.7,1010.3,39.4,1.4,175.9,15.1,7,,2013-12-09T06:05:08,2013-12-09T16:52:27,0.25,Partially cloudy,Partly cloudy throughout the day.,partly-cloudy-day,"41946099999,VECC,42809099999"
west bengal,2013-12-10,82.4,59,69.5,82.5,59,69.6,58.9,71.2,0,0,0,,,,,5.8,65.4,1009.8,3.6,1.8,187.1,16.2,7,,2013-12-10T06:05:46,2013-12-10T16:52:43,0.25,Clear,Clear conditions throughout the day.,clear-day,"41946099999,VECC,42809099999"
west bengal,2013-12-11,80.6,60.8,68.9,81.1,60.8,68.9,59.6,74.1,0,0,0,,,,,8.1,10.9,1010.9,0,1.3,182,15.7,7,,2013-12-11T06:06:24,2013-12-11T16:53:01,0.29,Clear,Clear conditions throughout the day.,clear-day,"41946099999,VECC,42809099999"
west bengal,2013-12-12,78.8,59,67.9,78.8,59,67.9,56.1,68.8,0,0,0,,,,,8.1,354.5,1010.9,4.4,1.2,166.6,14.4,6,,2013-12-12T06:07:01,2013-12-12T16:53:20,0.32,Clear,Clear conditions throughout the day.,clear-day,"41946099999,VECC,42809099999,remote"
west bengal,2013-12-13,80.6,57.2,67.8,79.9,57.2,67.6,53.5,65.5,0,0,0,,,,,8.1,286,1011,0,1.4,184.9,15.9,7,,2013-12-13T06:07:37,2013-12-13T16:53:40,0.36,Clear,Clear conditions throughout the day.,clear-day,"41946099999,VECC,42809099999"
west bengal,2013-12-14,78.8,57.2,66.4,78.8,57.2,66.4,49.9,60,0,0,0,,,,,8.1,331.2,1010.5,1.2,1.7,182.5,15.8,7,,2013-12-14T06:08:13,2013-12-14T16:54:02,0.39,Clear,Clear conditions throughout the day.,clear-day,"41946099999,VECC,42809099999"
west bengal,2013-12-15,78.8,55.4,65.5,78.8,55.4,65.5,54.4,69.7,0,0,0,,,,,5.8,342.4,1012.3,0,1.4,169.6,14.5,6,,2013-12-15T06:08:49,2013-12-15T16:54:24,0.43,Clear,Clear conditions throughout the day.,clear-day,"41946099999,VECC,42809099999"
west bengal,2013-12-16,80.6,53.6,66,79.9,53.6,66,53.3,67.6,0,0,0,,,,,5.8,45.4,1014,0,1.5,191.8,16.4,7,,2013-12-16T06:09:23,2013-12-16T16:54:48,0.46,Clear,Clear conditions throughout the day.,clear-day,"41946099999,VECC,42809099999"
west bengal,2013-12-17,80.6,53.6,64.9,79.9,53.6,64.9,54.1,71.4,0,0,0,,,,,4.7,143.9,1012.6,0,1.3,189.9,16.3,7,,2013-12-17T06:09:57,2013-12-17T16:55:13,0.5,Clear,Clear conditions throughout the day.,clear-day,"41946099999,VECC,42809099999"
west bengal,2013-12-18,78.8,57.2,67.1,78.8,57.2,67.1,56.3,70.1,0,0,0,,,,,5.8,298.7,1011.4,0,1.2,169.6,14.7,6,,2013-12-18T06:10:31,2013-12-18T16:55:39,0.53,Clear,Clear conditions throughout the day.,clear-day,"41946099999,VECC,42809099999"
west bengal,2013-12-19,78.8,55.4,66.5,78.8,55.4,66.5,57.5,75.1,0,0,0,,,,,3.4,68.4,1012.2,0,1.1,162,14.1,6,,2013-12-19T06:11:03,2013-12-19T16:56:06,0.56,Clear,Clear conditions throughout the day.,clear-day,"41946099999,VECC,42809099999"
west bengal,2013-12-20,82.4,60.8,69.6,84,60.8,69.8,61.9,77.9,0,0,0,,,,,10.3,195.4,1013.4,9.9,1.1,168.5,14.6,6,,2013-12-20T06:11:35,2013-12-20T16:56:34,0.6,Clear,Clear conditions throughout the day.,clear-day,"41946099999,VECC,42809099999"
west bengal,2013-12-21,80.6,62.6,70.3,82.8,62.6,70.3,63.7,80.7,0,0,0,,,,,4.7,116.3,1015,33.3,1,170.9,14.8,7,,2013-12-21T06:12:05,2013-12-21T16:57:03,0.63,Partially cloudy,Partly cloudy throughout the day.,partly-cloudy-day,"41946099999,VECC,42809099999"
west bengal,2013-12-22,80.6,59,69.6,82.3,59,69.8,61,75.8,0,0,0,,,,,6.9,217.6,1016,2.3,1.3,173.6,14.9,7,,2013-12-22T06:12:35,2013-12-22T16:57:33,0.66,Clear,Clear conditions throughout the day.,clear-day,"41946099999,VECC,42809099999"
west bengal,2013-12-23,82.4,60.8,71.4,82.1,60.8,71.4,60.6,71.5,0,0,0,,,,,8.1,245.9,1015.7,2.1,1.6,180.9,15.4,7,,2013-12-23T06:13:04,2013-12-23T16:58:04,0.69,Clear,Clear conditions throughout the day.,clear-day,"41946099999,VECC,42809099999"
west bengal,2013-12-24,78.8,62.6,70.9,78.8,62.6,70.9,60.7,71.9,0,0,0,,,,,9.1,338.6,1016.4,6.3,1.3,155.2,13.4,6,,2013-12-24T06:13:33,2013-12-24T16:58:35,0.73,Clear,Clear conditions throughout the day.,clear-day,"41946099999,VECC,42809099999"
west bengal,2013-12-25,71.6,57.2,64.6,71.6,57.2,64.6,56.8,77.7,0,0,0,,,,,11.4,351.5,1017.2,6.3,1.1,173,15,7,,2013-12-25T06:14:00,2013-12-25T16:59:08,0.75,Clear,Clear conditions throughout the day.,clear-day,"41946099999,VECC,42809099999"
west bengal,2013-12-26,73.4,53.6,62.2,73.4,53.6,62.2,52.6,73.6,0,0,0,,,,,9.2,329.3,1015.8,0,0.9,177.6,15.3,7,,2013-12-26T06:14:26,2013-12-26T16:59:42,0.79,Clear,Clear conditions throughout the day.,fog,"41946099999,VECC,42809099999"
west bengal,2013-12-27,75.2,51.8,62.2,75.2,51.8,62.2,52,73.2,0,0,0,,,,,9.2,332.3,1015.1,0,0.9,188.7,16.2,7,,2013-12-27T06:14:51,2013-12-27T17:00:16,0.83,Clear,Clear conditions throughout the day.,fog,"41946099999,VECC,42809099999"
west bengal,2013-12-28,82.4,51.8,64.8,81,51.8,64.7,53.7,72.1,0,0,0,,,,,6.9,284.6,1014.7,0,1,190.2,16.4,7,,2013-12-28T06:15:15,2013-12-28T17:00:51,0.86,Clear,Clear conditions throughout the day.,clear-day,"41946099999,VECC,42809099999"
west bengal,2013-12-29,77,55.4,65.2,77,55.4,65.2,56.5,76,0,0,0,,,,,8.1,20.6,1015,14,0.8,175.8,15.2,7,,2013-12-29T06:15:38,2013-12-29T17:01:27,0.89,Clear,Clear conditions throughout the day.,fog,"41946099999,VECC,42809099999,remote"
west bengal,2013-12-30,75.2,51.8,63.1,75.2,51.8,63.1,53.4,72.8,0,0,0,,,,,11.3,13,1016.9,0,1,170.6,14.6,6,,2013-12-30T06:15:59,2013-12-30T17:02:04,0.93,Clear,Clear conditions throughout the day.,clear-day,"41946099999,VECC,42809099999"
west bengal,2013-12-31,75.2,53.6,63.3,75.2,53.6,63.3,55.2,76.6,0,0,0,,,,,9.2,3.2,1016.7,0,1,175.1,15.1,7,,2013-12-31T06:16:20,2013-12-31T17:02:41,0.96,Clear,Clear conditions throughout the day.,clear-day,"41946099999,VECC,42809099999"
west bengal,2014-01-01,77,53.6,65.3,77,53.6,65.3,54.6,71.4,0,0,0,,,,,9.2,335.2,1015.5,0,1,182.8,15.7,7,,2014-01-01T06:16:39,2014-01-01T17:03:19,0,Clear,Clear conditions throughout the day.,clear-day,"41946099999,VECC,42809099999"
west bengal,2014-01-02,78.8,55.4,67,78.8,55.4,67,57.7,74.4,0,0,0,,,,,9.2,350.6,1015.5,0,1.1,181.7,15.6,7,,2014-01-02T06:16:58,2014-01-02T17:03:57,0.03,Clear,Clear conditions throughout the day.,clear-day,"41946099999,VECC,42809099999"
west bengal,2014-01-03,73.4,59,64.6,73.4,59,64.6,55.9,75,0,0,0,,,,,11.4,354.1,1015.9,2.8,1.1,177.8,15.2,7,,2014-01-03T06:17:15,2014-01-03T17:04:36,0.06,Clear,Clear conditions throughout the day.,clear-day,"41946099999,VECC,42809099999,remote"
west bengal,2014-01-04,73.4,53.6,61.6,73.4,53.6,61.6,49.8,67.9,0,0,0,,,,,10.3,340.5,1014.5,0,1.4,186.8,16,7,,2014-01-04T06:17:30,2014-01-04T17:05:15,0.1,Clear,Clear conditions throughout the day.,clear-day,"41946099999,VECC,42809099999"
west bengal,2014-01-05,77,53.6,63.2,77,53.6,63.2,52.3,70.4,0,0,0,,,,,9.2,305.4,1012.3,0,1,175.7,15.2,7,,2014-01-05T06:17:45,2014-01-05T17:05:55,0.13,Clear,Clear conditions throughout the day.,clear-day,"41946099999,VECC,42809099999"
west bengal,2014-01-06,73.4,59,64.3,73.4,59,64.3,56.2,76.8,0,0,0,,,,,9.2,347.1,1013,32.1,0.9,164.7,14.2,6,,2014-01-06T06:17:58,2014-01-06T17:06:36,0.16,Partially cloudy,Partly cloudy throughout the day.,fog,"41946099999,VECC,42809099999"
west bengal,2014-01-07,73.4,57.2,64,73.4,57.2,64,55.8,76.3,0,0,0,,,,,6.9,1.7,1014.9,11.8,1,167.4,14.4,6,,2014-01-07T06:18:10,2014-01-07T17:07:16,0.2,Clear,Clear conditions throughout the day.,clear-day,"41946099999,VECC,42809099999"
west bengal,2014-01-08,73.4,53.6,61.6,73.4,53.6,61.6,49,67,0,0,0,,,,,8.1,353.7,1016.3,0,1.4,195.7,16.8,7,,2014-01-08T06:18:21,2014-01-08T17:07:57,0.25,Clear,Clear conditions throughout the day.,clear-day,"41946099999,VECC,42809099999"
west bengal,2014-01-09,75.2,48.2,61.2,75.2,48.2,61.2,48.6,67.4,0,0,0,,,,,9.2,335.9,1014.8,0,1.2,191.3,16.5,7,,2014-01-09T06:18:30,2014-01-09T17:08:39,0.26,Clear,Clear conditions throughout the day.,clear-day,"41946099999,VECC,42809099999"
west bengal,2014-01-10,75.2,50,62.3,75.2,50,62.3,51.9,72.2,0,0,0,,,,,9.2,13.7,1014.6,12.5,1.1,187.3,16.1,7,,2014-01-10T06:18:38,2014-01-10T17:09:20,0.3,Clear,Clear conditions throughout the day.,clear-day,"41946099999,VECC,42809099999,remote"
west bengal,2014-01-11,78.8,53.6,64.7,78.8,53.6,64.7,55,73.5,0,0,0,,,,,8.1,12.6,1015.2,0,1.2,186.3,16.1,7,,2014-01-11T06:18:44,2014-01-11T17:10:02,0.33,Clear,Clear conditions throughout the day.,clear-day,"41946099999,VECC,42809099999"
west bengal,2014-01-12,73.4,60.8,65.6,73.4,60.8,65.6,57.3,75.5,0,0,0,,,,,6.9,350.4,1016.7,28.5,1.4,154,13.2,6,,2014-01-12T06:18:50,2014-01-12T17:10:44,0.37,Partially cloudy,Partly cloudy throughout the day.,partly-cloudy-day,"41946099999,VECC,42809099999"
west bengal,2014-01-13,75.2,57.2,64.9,75.2,57.2,64.9,57.1,77,0,0,0,,,,,10.3,346.6,1016.7,12,1.2,182.5,15.8,7,,2014-01-13T06:18:54,2014-01-13T17:11:27,0.4,Clear,Clear conditions throughout the day.,clear-day,"41946099999,VECC,42809099999"
west bengal,2014-01-14,73.4,57.2,62.5,73.4,57.2,62.5,56.9,82.9,0,0,0,,,,,9.2,340,1015.3,5.3,1.1,185,15.8,7,,2014-01-14T06:18:56,2014-01-14T17:12:09,0.43,Clear,Clear conditions throughout the day.,clear-day,"41946099999,VECC,42809099999"
west bengal,2014-01-15,64.4,53.6,58,64.4,53.6,58,55,90.3,0,0,0,,,,,8.1,354.9,1016.4,21.8,0.9,182.7,15.7,7,,2014-01-15T06:18:57,2014-01-15T17:12:51,0.47,Partially cloudy,Partly cloudy throughout the day.,fog,"41946099999,VECC,42809099999,remote"
west bengal,2014-01-16,66.2,53.6,59.2,66.2,53.6,59.2,54.7,85.4,0,0,0,,,,,6.9,5.6,1017.2,23.1,1,183.3,16,7,,2014-01-16T06:18:57,2014-01-16T17:13:34,0.5,Partially cloudy,Partly cloudy throughout the day.,partly-cloudy-day,"41946099999,VECC,42809099999,remote"
west bengal,2014-01-17,75.2,55.4,63,75.2,55.4,63,57,82,0,0,0,,,,,8.1,0.4,1017.1,28.3,0.9,190.2,16.3,7,,2014-01-17T06:18:55,2014-01-17T17:14:16,0.54,Partially cloudy,Clearing in the afternoon.,fog,"41946099999,VECC,42809099999"
west bengal,2014-01-18,80.6,51.8,65.8,80.5,51.8,65.8,56.1,74.2,0,0,0,,,,,6.9,30.8,1017.1,0,1.1,198.9,17.1,7,,2014-01-18T06:18:52,2014-01-18T17:14:59,0.57,Clear,Clear conditions throughout the day.,clear-day,"41946099999,VECC,42809099999,remote"
west bengal,2014-01-19,82.4,57.2,68.1,81.7,57.2,68.1,57.6,72,0,0,0,,,,,6.5,315.9,1017.9,3.3,1.3,184.8,15.9,7,,2014-01-19T06:18:48,2014-01-19T17:15:41,0.6,Clear,Clear conditions throughout the day.,clear-day,"41946099999,VECC,42809099999,remote"
west bengal,2014-01-20,73.4,59,65.8,73.4,59,65.8,58.4,77.7,0,0,0,,,,,10.3,4.9,1019.2,0,1.1,183,15.8,7,,2014-01-20T06:18:42,2014-01-20T17:16:23,0.64,Clear,Clear conditions throughout the day.,clear-day,"41946099999,VECC,42809099999"
west bengal,2014-01-21,71.6,55.4,61.5,71.6,55.4,61.5,55.6,81.8,0,0,0,,,,,8.1,1.6,1018.8,11.7,1.1,206.5,17.8,8,,2014-01-21T06:18:35,2014-01-21T17:17:06,0.67,Clear,Clear conditions throughout the day.,clear-day,"41946099999,VECC,42809099999"
west bengal,2014-01-22,75.2,53.6,62.9,75.2,53.6,62.9,53.5,74.8,0,0,0,,,,,6.7,9.2,1017.5,34,1,209.6,18.1,8,,2014-01-22T06:18:27,2014-01-22T17:17:48,0.71,Partially cloudy,Clearing in the afternoon.,partly-cloudy-day,"41946099999,VECC,42809099999,remote"
west bengal,2014-01-23,80.6,53.6,65.6,79.4,53.6,65.5,50.8,64.3,0,0,0,,,,,5.8,318.4,1016.1,4.2,1.3,207.7,17.9,8,,2014-01-23T06:18:17,2014-01-23T17:18:30,0.74,Clear,Clear conditions throughout the day.,clear-day,"41946099999,VECC,42809099999"
west bengal,2014-01-24,78.8,57.2,66.3,78.8,57.2,66.3,57.8,75.7,0,0,0,,,,,6.9,342.7,1015,0,1.3,198.7,17.1,7,,2014-01-24T06:18:05,2014-01-24T17:19:11,0.75,Clear,Clear conditions throughout the day.,clear-day,"41946099999,VECC,42809099999"
west bengal,2014-01-25,80.6,59,68.2,80.8,59,68.2,57.2,70.2,0,0,0,,,,,10.3,343.8,1014.4,9.6,1.6,207.3,17.8,8,,2014-01-25T06:17:53,2014-01-25T17:19:53,0.81,Clear,Clear conditions throughout the day.,clear-day,"41946099999,VECC,42809099999"
west bengal,2014-01-26,77,57.2,66.8,77,57.2,66.8,55.6,69.7,0,0,0,,,,,11.4,357.9,1015.5,1.2,1.9,220.5,19.1,8,,2014-01-26T06:17:39,2014-01-26T17:20:34,0.84,Clear,Clear conditions throughout the day.,clear-day,"41946099999,VECC,42809099999"
west bengal,2014-01-27,73.4,55.4,63.2,73.4,55.4,63.2,52.4,70.2,0,0,0,,,,,10.3,346.1,1015.7,2.3,1.4,211.8,18.3,8,,2014-01-27T06:17:23,2014-01-27T17:21:15,0.88,Clear,Clear conditions throughout the day.,clear-day,"41946099999,VECC,42809099999"
west bengal,2014-01-28,71.6,52.2,60.4,71.6,52.2,60.4,52.5,76.2,0,0,0,,,,,11.4,0.4,1015.5,3.9,1.1,174.3,15.1,6,,2014-01-28T06:17:07,2014-01-28T17:21:56,0.91,Clear,Clear conditions throughout the day.,clear-day,"41946099999,VECC,42809099999,remote"
west bengal,2014-01-29,75.2,53.6,63,75.2,53.6,63,54.7,76.4,0,0,0,,,,,10.3,352.5,1015.7,0,1.2,200.6,17.5,7,,2014-01-29T06:16:49,2014-01-29T17:22:37,0.94,Clear,Clear conditions throughout the day.,clear-day,"41946099999,VECC,42809099999"
west bengal,2014-01-30,78.8,55.4,65.6,78.8,55.4,65.6,55.5,72.9,0,0,0,,,,,9.2,353.3,1015.8,4.2,1.1,181.3,15.8,7,,2014-01-30T06:16:29,2014-01-30T17:23:17,0.98,Clear,Clear conditions throughout the day.,clear-day,"41946099999,VECC,42809099999"
west bengal,2014-01-31,78.8,55.4,64.7,78.8,55.4,64.7,54,71.2,0,0,0,,,,,8.1,356.8,1016,0,1.3,213.4,18.4,8,,2014-01-31T06:16:09,2014-01-31T17:23:56,0,Clear,Clear conditions throughout the day.,clear-day,"41946099999,VECC,42809099999"
west bengal,2014-02-01,80.6,57.2,65.5,80.3,57.2,65.5,55.4,72.3,0,0,0,,,,,9.2,346.3,1015.4,0,1.4,215.6,18.7,8,,2014-02-01T06:15:47,2014-02-01T17:24:36,0.05,Clear,Clear conditions throughout the day.,clear-day,"41946099999,VECC,42809099999"
west bengal,2014-02-02,77,53.6,64.2,77,53.6,64.2,52.5,68.7,0,0,0,,,,,9.2,350.1,1013.9,0,1.4,228.1,19.8,8,,2014-02-02T06:15:24,2014-02-02T17:25:15,0.08,Clear,Clear conditions throughout the day.,clear-day,"41946099999,VECC,42809099999"
west bengal,2014-02-03,80.6,53.6,64.8,79.6,53.6,64.7,50.2,63.9,0,0,0,,,,,8.1,352.2,1011.4,0,1.6,225.8,19.5,8,,2014-02-03T06:14:59,2014-02-03T17:25:53,0.11,Clear,Clear conditions throughout the day.,clear-day,"41946099999,VECC,42809099999"
west bengal,2014-02-04,82.4,55.4,67,81.5,55.4,66.9,53.8,66.5,0,0,0,,,,,8.1,332.2,1009.3,0,1.3,225.5,19.3,8,,2014-02-04T06:14:33,2014-02-04T17:26:32,0.14,Clear,Clear conditions throughout the day.,clear-day,"41946099999,VECC,42809099999"
west bengal,2014-02-05,86,57.2,69.8,83.9,57.2,69.4,57.1,69.3,0,0,0,,,,,8.1,289.7,1008.7,0,1.2,222,19.2,8,,2014-02-05T06:14:06,2014-02-05T17:27:09,0.18,Clear,Clear conditions throughout the day.,clear-day,"41946099999,VECC,42809099999"
west bengal,2014-02-06,86,60.8,74.2,83.9,60.8,73.9,56.2,56.1,0,0,0,,,,,9.2,317.4,1009.5,0,1.7,221,19.1,8,,2014-02-06T06:13:38,2014-02-06T17:27:47,0.21,Clear,Clear conditions throughout the day.,clear-day,"41946099999,VECC,42809099999"
west bengal,2014-02-07,87.8,62.6,74.7,86.1,62.6,74.2,58,60.8,0,0,0,,,,,6.9,259.6,1008.8,0,1.7,228.5,19.6,8,,2014-02-07T06:13:09,2014-02-07T17:28:24,0.25,Clear,Clear conditions throughout the day.,clear-day,"41946099999,VECC,42809099999"
west bengal,2014-02-08,87.8,66.2,75.6,85.7,66.2,75.5,61.9,65.5,0,0,0,,,,,6.9,216.1,1006.5,13.4,1.4,210.5,18.1,8,,2014-02-08T06:12:38,2014-02-08T17:29:00,0.28,Clear,Clear conditions throughout the day.,clear-day,"41946099999,VECC,42809099999"
west bengal,2014-02-09,87.8,66.2,75,85.7,66.2,74.7,61.4,66.8,0,0,0,,,,,9.2,1.5,1006.9,3.5,1.6,231.1,19.8,8,,2014-02-09T06:12:07,2014-02-09T17:29:36,0.31,Clear,Clear conditions throughout the day.,clear-day,"41946099999,VECC,42809099999"
west bengal,2014-02-10,82.4,64.4,72.6,82.1,64.4,72.6,58.6,63.4,0,0,0,,,,,10.3,42.3,1008.9,18,1.6,217.3,18.9,8,,2014-02-10T06:11:34,2014-02-10T17:30:12,0.34,Clear,Clear conditions throughout the day.,clear-day,"41946099999,VECC,42809099999"
west bengal,2014-02-11,80.6,62.6,70.8,81.1,62.6,70.8,59.4,69.2,0,0,0,,,,,8.1,8.4,1008.9,11,1.5,204.3,17.6,8,,2014-02-11T06:11:00,2014-02-11T17:30:47,0.38,Clear,Clear conditions throughout the day.,clear-day,"41946099999,VECC,42809099999"
west bengal,2014-02-12,80.6,62.6,70.5,79.4,62.6,70.4,51.9,55.4,0,0,0,,,,,10.3,353.3,1010.1,0,1.9,211.9,18.3,8,,2014-02-12T06:10:25,2014-02-12T17:31:22,0.41,Clear,Clear conditions throughout the day.,clear-day,"41946099999,VECC,42809099999"
west bengal,2014-02-13,80.6,57.2,68.7,80.1,57.2,68.6,52.8,60.1,0,0,0,,,,,10.3,52.5,1013.1,0,1.7,227.1,19.6,8,,2014-02-13T06:09:49,2014-02-13T17:31:56,0.44,Clear,Clear conditions throughout the day.,clear-day,"41946099999,VECC,42809099999"
west bengal,2014-02-14,86,60.8,71.4,85,60.8,71.3,57.1,63,0,0,0,,,,,8.1,123.9,1012.3,6.3,1.5,223.1,19.4,8,,2014-02-14T06:09:12,2014-02-14T17:32:30,0.48,Clear,Clear conditions throughout the day.,clear-day,"41946099999,VECC,42809099999"
west bengal,2014-02-15,78.8,64.4,70.8,78.8,64.4,70.8,61.5,73,0.051,100,8.33,rain,,,,11.4,50.7,1010.8,43.5,1.2,218.2,18.8,8,,2014-02-15T06:08:34,2014-02-15T17:33:03,0.5,"Rain, Partially cloudy",Partly cloudy throughout the day with afternoon rain.,rain,"41946099999,VECC,42809099999"
west bengal,2014-02-16,68,64.4,66.1,68,64.4,66.1,63.3,90.9,1.22,100,20.83,rain,,,,11.4,117.5,1010.8,87.1,1,78,6.6,3,,2014-02-16T06:07:55,2014-02-16T17:33:35,0.54,"Rain, Partially cloudy",Partly cloudy throughout the day with a chance of rain throughout the day.,rain,"41946099999,VECC,42809099999"
west bengal,2014-02-17,75.2,60.8,66.7,75.2,60.8,66.7,58.6,77.6,0.118,100,4.17,rain,,,,12.8,319.4,1013.2,46,1.7,225.3,19.5,8,,2014-02-17T06:07:15,2014-02-17T17:34:08,0.58,"Rain, Partially cloudy",Partly cloudy throughout the day with early morning rain.,rain,"41946099999,VECC,42809099999"
west bengal,2014-02-18,75.2,52.4,64.6,75.2,52.4,64.6,49.2,61,0,0,0,,,,,9.2,343.9,1016.5,0,1.8,256.6,22.3,9,,2014-02-18T06:06:34,2014-02-18T17:34:40,0.61,Clear,Clear conditions throughout the day.,clear-day,"41946099999,VECC,42809099999"
west bengal,2014-02-19,77,57.2,66.2,77,57.2,66.2,53.1,65.4,0,0,0,,,,,10.3,347,1014.8,0,1.8,227.3,19.8,8,,2014-02-19T06:05:52,2014-02-19T17:35:11,0.65,Clear,Clear conditions throughout the day.,clear-day,"41946099999,VECC,42809099999"
west bengal,2014-02-20,78.8,57.2,67.1,78.8,57.2,67.1,52.5,64.1,0,0,0,,,,,8.1,331.8,1013.4,0,1.5,240.4,20.8,8,,2014-02-20T06:05:09,2014-02-20T17:35:42,0.68,Clear,Clear conditions throughout the day.,clear-day,"41946099999,VECC,42809099999"
west bengal,2014-02-21,82.4,59,69.7,82.1,59,69.6,57.6,69.3,0,0,0,,,,,6.9,131,1013.8,0,1.2,231,20.1,8,,2014-02-21T06:04:25,2014-02-21T17:36:12,0.72,Clear,Clear conditions throughout the day.,clear-day,"41946099999,VECC,42809099999"
west bengal,2014-02-22,86,60.8,72.9,85,60.8,72.8,60.7,69.2,0,0,0,,,,,6.9,166.9,1014.5,0,1.2,232.5,20.2,8,,2014-02-22T06:03:41,2014-02-22T17:36:42,0.75,Clear,Clear conditions throughout the day.,clear-day,"41946099999,VECC,42809099999"
west bengal,2014-02-23,84.2,64.4,73.6,84.4,64.4,73.7,62.1,69.3,0,0,0,,,,,13.9,51.4,1015.3,25.4,1.5,170.1,14.7,7,,2014-02-23T06:02:55,2014-02-23T17:37:12,0.79,Partially cloudy,Partly cloudy throughout the day.,partly-cloudy-day,"41946099999,VECC,42809099999"
west bengal,2014-02-24,84.2,64.4,74.1,84.4,64.4,74.3,62.6,69.5,0,0,0,,,,,5.8,13.6,1015.5,21.8,1.8,223.4,19.4,8,,2014-02-24T06:02:09,2014-02-24T17:37:41,0.82,Partially cloudy,Partly cloudy throughout the day.,partly-cloudy-day,"41946099999,VECC,42809099999"
west bengal,2014-02-25,82.4,68,75,84,68,75.4,65.2,73.2,0,0,0,,,,,10.3,42.8,1015.3,22.3,1.5,235.6,20.6,9,,2014-02-25T06:01:22,2014-02-25T17:38:09,0.86,Partially cloudy,Partly cloudy throughout the day.,partly-cloudy-day,"41946099999,VECC,42809099999"
west bengal,2014-02-26,86,66.2,74.5,86.7,66.2,74.7,62.1,67.2,0,0,0,,,,,8.1,19.1,1013.6,11.9,1.5,231.7,20.1,8,,2014-02-26T06:00:35,2014-02-26T17:38:37,0.89,Clear,Clear conditions throughout the day.,clear-day,"41946099999,VECC,42809099999"
west bengal,2014-02-27,82.4,66.2,74.2,82.9,66.2,74.3,61.3,66.7,0,0,0,,,,,11.4,351.5,1014,44.9,1.4,230.9,20.1,8,,2014-02-27T05:59:46,2014-02-27T17:39:05,0.93,Partially cloudy,Partly cloudy throughout the day.,partly-cloudy-day,"41946099999,VECC,42809099999"
west bengal,2014-02-28,86,68,73.1,85.5,68,73.1,61.6,69.5,0,0,0,,,,,15,342.7,1014.3,43.1,2.1,227.3,19.7,8,,2014-02-28T05:58:57,2014-02-28T17:39:33,0.96,Partially cloudy,Partly cloudy throughout the day.,partly-cloudy-day,"41946099999,VECC,42809099999"
west bengal,2014-03-01,84.2,66.2,73.9,85.7,66.2,74.1,62.8,70.5,0,0,0,,,,,11.4,8.2,1013.7,43.9,1.8,248.4,21.6,9,,2014-03-01T05:58:07,2014-03-01T17:40:00,0,Partially cloudy,Partly cloudy throughout the day.,partly-cloudy-day,"41946099999,VECC,42809099999"
west bengal,2014-03-02,84.2,66.2,73.6,85,66.2,73.8,62.2,69,0,0,0,,,,,9.1,348.1,1013,41.6,1.7,238.3,20.5,9,,2014-03-02T05:57:17,2014-03-02T17:40:26,0.03,Partially cloudy,Partly cloudy throughout the day.,partly-cloudy-day,"41946099999,VECC,42809099999"
west bengal,2014-03-03,84.2,64.4,74.1,84.4,64.4,74.1,61.6,67.9,0,0,0,,,,,10.3,359.5,1013.4,31.8,1.8,237.3,20.5,9,,2014-03-03T05:56:26,2014-03-03T17:40:52,0.06,Partially cloudy,Partly cloudy throughout the day.,partly-cloudy-day,"41946099999,VECC,42809099999"
west bengal,2014-03-04,84.2,67.9,74.8,83.9,67.9,74.7,59.9,61.6,0.004,100,4.17,rain,,,,12.6,346.4,1014.3,53,1.9,201.3,17.4,8,,2014-03-04T05:55:35,2014-03-04T17:41:18,0.1,"Rain, Partially cloudy",Partly cloudy throughout the day with late afternoon rain.,rain,"41946099999,VECC,42809099999"
west bengal,2014-03-05,82.4,66.2,74,82.1,66.2,73.9,58.1,59.8,0,0,0,,,,,8.1,330.8,1013.6,13.7,2,259.8,22.5,9,,2014-03-05T05:54:42,2014-03-05T17:41:44,0.13,Clear,Clear conditions throughout the day.,clear-day,"41946099999,VECC,42809099999"
west bengal,2014-03-06,84.2,64.4,74.7,83.9,64.4,74.7,60.4,63.3,0,0,0,,,,,9.2,346.6,1013.3,17.7,1.6,261,22.6,9,,2014-03-06T05:53:50,2014-03-06T17:42:09,0.16,Clear,Clear conditions throughout the day.,clear-day,"41946099999,VECC,42809099999"
west bengal,2014-03-07,86,67.9,75.9,83.2,67.9,75.3,56.2,54.8,0,0,0,,,,,10.3,349.6,1014.1,15.9,2,265.3,22.8,9,,2014-03-07T05:52:57,2014-03-07T17:42:34,0.19,Clear,Clear conditions throughout the day.,clear-day,"41946099999,VECC,42809099999"
west bengal,2014-03-08,87.8,62.6,74.9,85.1,62.6,74.3,55.5,55.4,0,0,0,,,,,5.8,2.1,1015,3.5,1.5,264,22.8,9,,2014-03-08T05:52:03,2014-03-08T17:42:58,0.25,Clear,Clear conditions throughout the day.,clear-day,"41946099999,VECC,42809099999"
west bengal,2014-03-09,87.8,66.2,76.2,85.7,66.2,75.8,58,56.6,0,0,0,,,,,9.1,338.5,1013.8,22.2,1.7,239.2,20.8,9,,2014-03-09T05:51:09,2014-03-09T17:43:22,0.26,Partially cloudy,Partly cloudy throughout the day.,partly-cloudy-day,"41946099999,VECC,42809099999"
west bengal,2014-03-10,87.8,64.4,76.3,85.4,64.4,75.7,55.1,50.9,0,0,0,,,,,10.2,325.8,1013.5,37.6,1.8,252.2,21.7,9,,2014-03-10T05:50:15,2014-03-10T17:43:46,0.29,Partially cloudy,Partly cloudy throughout the day.,partly-cloudy-day,"41946099999,VECC,42809099999"
west bengal,2014-03-11,91.4,69.7,79.6,91.4,69.7,79.6,61.6,56.4,0,0,0,,,,,8,275.5,1013.6,12,1.8,253,21.8,9,,2014-03-11T05:49:20,2014-03-11T17:44:10,0.32,Clear,Clear conditions throughout the day.,clear-day,"41946099999,VECC,42809099999"
west bengal,2014-03-12,91.4,71.5,81.9,92.2,71.5,82.4,63.1,55,0,0,0,,,,,7.9,236.4,1012.8,27.1,2,217.2,18.9,9,,2014-03-12T05:48:25,2014-03-12T17:44:33,0.36,Partially cloudy,Partly cloudy throughout the day.,partly-cloudy-day,"41946099999,VECC,42809099999"
west bengal,2014-03-13,89.6,76.9,81.6,91.2,76.9,82.5,65.5,59.4,0,0,0,,,,,8.1,295.5,1012.1,46.9,2,162.9,14.1,7,,2014-03-13T05:47:29,2014-03-13T17:44:56,0.39,Partially cloudy,Partly cloudy throughout the day.,partly-cloudy-day,"41946099999,VECC,42809099999"
west bengal,2014-03-14,91.4,71.6,81.1,91.4,71.6,81.3,63.5,58.2,0,0,0,,,,,9.2,345.9,1012.3,11.3,1.9,262.4,22.7,9,,2014-03-14T05:46:33,2014-03-14T17:45:19,0.42,Clear,Clear conditions throughout the day.,clear-day,"41946099999,VECC,42809099999"
west bengal,2014-03-15,91.4,69.8,79.8,89.5,69.8,79.3,59.7,53.5,0,0,0,,,,,8.1,353.2,1013.6,5.5,1.8,274.1,23.9,9,,2014-03-15T05:45:37,2014-03-15T17:45:42,0.45,Clear,Clear conditions throughout the day.,clear-day,"41946099999,VECC,42809099999"
west bengal,2014-03-16,93.2,68,80.4,91.9,68,79.6,58.8,51.9,0,0,0,,,,,10.3,301.7,1014,0,1.6,270.9,23.6,9,,2014-03-16T05:44:41,2014-03-16T17:46:04,0.5,Clear,Clear conditions throughout the day.,clear-day,"41946099999,VECC,42809099999"
west bengal,2014-03-17,95,73.4,82.7,99.8,73.4,84.6,66.6,61.1,0,0,0,,,,,6.9,255.3,1012.4,11.7,1.6,271.6,23.7,9,,2014-03-17T05:43:44,2014-03-17T17:46:26,0.52,Clear,Clear conditions throughout the day.,clear-day,"41946099999,VECC,42809099999"
west bengal,2014-03-18,96.8,75.2,84.6,102.7,75.2,87.8,70.2,65.8,0,0,0,,,,,8.1,198.1,1011.2,16.6,1.7,280.1,24.2,9,,2014-03-18T05:42:48,2014-03-18T17:46:49,0.56,Clear,Clear conditions throughout the day.,clear-day,"41946099999,VECC,42809099999"
west bengal,2014-03-19,95,73.4,84.3,96.2,73.4,85.9,67.6,61.7,0,0,0,,,,,9.2,200.3,1009.1,25.3,1.7,257.4,22.3,9,,2014-03-19T05:41:51,2014-03-19T17:47:10,0.59,Partially cloudy,Partly cloudy throughout the day.,partly-cloudy-day,"41946099999,VECC,42809099999"
west bengal,2014-03-20,93.2,75.2,83.7,90.5,75.2,83.1,58.7,46.3,0,0,0,,,,,9.2,354.1,1009.5,20.1,2.1,273,23.7,9,,2014-03-20T05:40:54,2014-03-20T17:47:32,0.63,Partially cloudy,Partly cloudy throughout the day.,partly-cloudy-day,"41946099999,VECC,42809099999"
west bengal,2014-03-21,93.2,73.3,81.4,90.5,73.3,80.5,56.9,46.4,0,0,0,,,,,6.9,4,1008.1,0,2,273.9,23.7,9,,2014-03-21T05:39:56,2014-03-21T17:47:54,0.66,Clear,Clear conditions throughout the day.,clear-day,"41946099999,VECC,42809099999"
west bengal,2014-03-22,95,71.6,81.7,101.4,71.6,84.9,70.6,70.8,0,0,0,,,,,13.9,164.2,1006.5,23,1.6,275,23.8,9,,2014-03-22T05:38:59,2014-03-22T17:48:15,0.7,Partially cloudy,Partly cloudy throughout the day.,partly-cloudy-day,"41946099999,VECC,42809099999,remote"
west bengal,2014-03-23,89.6,69.8,78.3,93.5,69.8,79.3,66.1,67.9,0,0,0,,,,,12.8,129.4,1009,50.6,1.9,267.9,23.2,9,,2014-03-23T05:38:02,2014-03-23T17:48:37,0.73,Partially cloudy,Partly cloudy throughout the day.,partly-cloudy-day,"41946099999,VECC,42809099999"
west bengal,2014-03-24,93.2,73.4,80.3,100.9,73.4,83.4,70.9,74.9,0.591,100,4.17,rain,,,,10.2,155.7,1010.5,53.8,1.8,273.9,23.7,9,,2014-03-24T05:37:04,2014-03-24T17:48:58,0.75,"Rain, Partially cloudy",Partly cloudy throughout the day with late afternoon rain.,rain,"41946099999,VECC,42809099999"
west bengal,2014-03-25,89.6,71.6,78.5,100.2,71.6,81.4,70,75.9,0.039,100,4.17,rain,,,,16.1,176.1,1009.8,40.2,1.9,271.7,23.4,9,,2014-03-25T05:36:07,2014-03-25T17:49:19,0.8,"Rain, Partially cloudy",Partly cloudy throughout the day with afternoon rain.,rain,"41946099999,VECC,42809099999"
west bengal,2014-03-26,95,71.6,83.4,99.8,71.6,88.1,71.8,71.2,0,0,0,,,,,13.9,198.1,1008.9,29.2,1.9,262.5,22.7,9,,2014-03-26T05:35:10,2014-03-26T17:49:40,0.84,Partially cloudy,Partly cloudy throughout the day.,partly-cloudy-day,"41946099999,VECC,42809099999"
west bengal,2014-03-27,98.6,78.8,87.4,107.4,78.8,96.1,75.4,70,0,0,0,,,,,10.3,212.5,1007.8,35.9,1.7,259.7,22.5,9,,2014-03-27T05:34:12,2014-03-27T17:50:02,0.88,Partially cloudy,Partly cloudy throughout the day.,partly-cloudy-day,"41946099999,VECC,42809099999"
west bengal,2014-03-28,98.6,80.6,88.8,105.2,86.2,94.5,70.6,59,0,0,0,,,,,8.1,296.6,1007,11.4,2.1,278.5,24.1,9,,2014-03-28T05:33:15,2014-03-28T17:50:23,0.91,Clear,Clear conditions throughout the day.,clear-day,"41946099999,VECC,42809099999"
west bengal,2014-03-29,102.2,78.7,90.7,105,78.7,93.9,67,49.2,0,0,0,,,,,9.2,245.4,1006.1,0,2.2,292.8,25.2,10,,2014-03-29T05:32:18,2014-03-29T17:50:44,0.95,Clear,Clear conditions throughout the day.,clear-day,"41946099999,VECC,42809099999"
west bengal,2014-03-30,104,82.4,91.7,105.7,85.4,94.3,65.2,44.3,0,0,0,,,,,11.4,257.4,1005.1,3.4,2.2,294.9,25.4,10,,2014-03-30T05:31:21,2014-03-30T17:51:05,0.98,Clear,Clear conditions throughout the day.,clear-day,"41946099999,VECC,42809099999"
west bengal,2014-03-31,102.2,82.3,89.9,101,84.6,91.6,63.8,45.5,0,0,0,,,,,8,289.1,1005,1.1,2.1,289.8,25,10,,2014-03-31T05:30:24,2014-03-31T17:51:26,0,Clear,Clear conditions throughout the day.,clear-day,"41946099999,VECC,42809099999"
west bengal,2014-04-01,95,77,87.2,92.7,77,88.1,63.4,50,0,0,0,,,,,10.3,9.9,1004.9,22.6,2.1,266.4,23,9,,2014-04-01T05:29:27,2014-04-01T17:51:47,0.05,Partially cloudy,Partly cloudy throughout the day.,partly-cloudy-day,"41946099999,VECC,42809099999"
west bengal,2014-04-02,98.6,78.8,87.9,102.8,78.8,91.6,68.4,58.1,0,0,0,,,,,10.3,183.1,1005.3,26.7,1.9,278.1,24,9,,2014-04-02T05:28:30,2014-04-02T17:52:08,0.08,Partially cloudy,Partly cloudy throughout the day.,partly-cloudy-day,"41946099999,VECC,42809099999"
west bengal,2014-04-03,96.8,78.8,86.4,115.3,78.8,96.8,77.4,76,0,0,0,,,,,12.8,155.9,1006.1,24.2,1.8,274.1,23.7,9,,2014-04-03T05:27:34,2014-04-03T17:52:29,0.11,Partially cloudy,Partly cloudy throughout the day.,partly-cloudy-day,"41946099999,VECC,42809099999"
west bengal,2014-04-04,89.6,78.8,83.4,94.9,78.8,88.3,72.4,71,0,0,0,,,,,15,140.2,1007.2,37,2.1,271.7,23.5,9,,2014-04-04T05:26:38,2014-04-04T17:52:50,0.14,Partially cloudy,Partly cloudy throughout the day.,partly-cloudy-day,"41946099999,VECC,42809099999"
west bengal,2014-04-05,96.8,75.2,85.3,97,75.2,86.3,65.5,57.4,0,0,0,,,,,9.2,230.5,1007.6,10.3,2,302.1,26,10,,2014-04-05T05:25:42,2014-04-05T17:53:12,0.18,Clear,Clear conditions throughout the day.,clear-day,"41946099999,VECC,42809099999"
west bengal,2014-04-06,100.4,78.8,88.2,99.8,78.8,89.4,65.8,54.4,0,0,0,,,,,11.4,202.1,1007.5,4.6,2,292.5,25.2,10,,2014-04-06T05:24:46,2014-04-06T17:53:33,0.21,Clear,Clear conditions throughout the day.,clear-day,"41946099999,VECC,42809099999"
west bengal,2014-04-07,98.6,80.6,88,121.1,86.2,99.3,76.7,70.9,0,0,0,,,,,13.9,173,1007.1,35.3,2.1,290,25.1,10,,2014-04-07T05:23:51,2014-04-07T17:53:54,0.25,Partially cloudy,Partly cloudy throughout the day.,partly-cloudy-day,"41946099999,VECC,42809099999"
west bengal,2014-04-08,98.6,80.6,88.1,121.1,87.1,102.5,78.9,75.4,0,0,0,,,,,16.1,170.6,1005.2,43.9,2,278.2,24.2,9,,2014-04-08T05:22:56,2014-04-08T17:54:16,0.27,Partially cloudy,Partly cloudy throughout the day.,partly-cloudy-day,"41946099999,VECC,42809099999"
west bengal,2014-04-09,95,82.4,88,110,90.8,98.5,76,69.4,0,0,0,,,,,11.4,136.5,1006.8,51.6,2.1,260.2,22.3,9,,2014-04-09T05:22:02,2014-04-09T17:54:38,0.31,Partially cloudy,Partly cloudy throughout the day.,partly-cloudy-day,"41946099999,VECC,42809099999"
west bengal,2014-04-10,98.6,82.4,88.6,108.1,82.9,93.3,67,54.9,0,0,0,,,,,9.2,278.5,1008.6,33.8,2.1,271.1,23.4,9,,2014-04-10T05:21:07,2014-04-10T17:54:59,0.34,Partially cloudy,Clearing in the afternoon.,partly-cloudy-day,"41946099999,VECC,42809099999"
west bengal,2014-04-11,100.4,78.8,88.8,101.5,78.8,92.4,68.4,55.6,0,0,0,,,,,15,203.9,1008.3,19.8,1.9,291,25.2,9,,2014-04-11T05:20:14,2014-04-11T17:55:21,0.37,Clear,Clear conditions throughout the day.,clear-day,"41946099999,VECC,42809099999"
west bengal,2014-04-12,100.4,77,87.7,106.5,77,92.1,70.1,58.3,0,0,0,,,,,15.9,181.3,1007.5,11.8,2,276.3,23.8,9,,2014-04-12T05:19:20,2014-04-12T17:55:43,0.4,Clear,Clear conditions throughout the day.,clear-day,"41946099999,VECC,42809099999"
west bengal,2014-04-13,95,77,86.1,99.8,77,89.9,69.4,59.3,0,0,0,,,,,11.4,173.1,1009.1,37.4,2.2,272.8,23.6,9,,2014-04-13T05:18:27,2014-04-13T17:56:05,0.43,Partially cloudy,Clearing in the afternoon.,partly-cloudy-day,"41946099999,VECC,42809099999"
west bengal,2014-04-14,96.8,77,86.7,103.2,77,91.3,71.4,63,0,0,0,,,,,9.1,141.4,1009.7,12.4,2.2,290.1,25.1,10,,2014-04-14T05:17:35,2014-04-14T17:56:28,0.47,Clear,Clear conditions throughout the day.,clear-day,"41946099999,VECC,42809099999,remote"
west bengal,2014-04-15,98.6,78.8,88.3,112.1,78.8,96.2,73.6,63.7,0,0,0,,,,,11.4,177.4,1008.8,25.3,2,288.9,24.9,9,,2014-04-15T05:16:43,2014-04-15T17:56:50,0.5,Partially cloudy,Partly cloudy throughout the day.,partly-cloudy-day,"41946099999,VECC,42809099999"
west bengal,2014-04-16,102.2,78.8,89.7,112.4,78.8,95.7,71.6,58.7,0,0,0,,,,,12.8,183.5,1006.6,15,2,293.5,25.3,10,,2014-04-16T05:15:52,2014-04-16T17:57:13,0.53,Clear,Clear conditions throughout the day.,clear-day,"41946099999,VECC,42809099999"
west bengal,2014-04-17,100.4,82.4,89.2,112.1,89.5,97.9,73.9,62.9,0,0,0,,,,,13.9,194,1005.5,31.8,2,291.4,25.2,9,,2014-04-17T05:15:01,2014-04-17T17:57:36,0.57,Partially cloudy,Becoming cloudy in the afternoon.,partly-cloudy-day,"41946099999,VECC,42809099999"
west bengal,2014-04-18,100.4,80.6,89.4,112.1,86.2,97.8,73.6,61.7,0,0,0,,,,,8.1,184,1007.8,29.5,2.1,292.8,25.3,10,,2014-04-18T05:14:11,2014-04-18T17:57:59,0.61,Partially cloudy,Partly cloudy throughout the day.,partly-cloudy-day,"41946099999,VECC,42809099999"
west bengal,2014-04-19,102.2,82.3,90.6,110.4,87.1,96.6,70.5,53.4,0,0,0,,,,,11.3,354.3,1007.5,21.2,2.1,284.2,24.4,9,,2014-04-19T05:13:21,2014-04-19T17:58:22,0.64,Partially cloudy,Partly cloudy throughout the day.,partly-cloudy-day,"41946099999,VECC,42809099999"
west bengal,2014-04-20,102.2,82.3,90.4,105.9,86.5,96.6,70.7,55.4,0.008,100,4.17,rain,,,,6.9,286.3,1006.9,28.9,1.8,191.3,16.7,7,,2014-04-20T05:12:32,2014-04-20T17:58:45,0.68,"Rain, Partially cloudy",Partly cloudy throughout the day with late afternoon rain.,rain,"41946099999,VECC,42809099999"
west bengal,2014-04-21,100.4,78.8,90,99.8,78.8,91.1,62.4,42.6,0,0,0,,,,,8.1,352.7,1007.9,12.2,2.2,240.4,20.7,9,,2014-04-21T05:11:44,2014-04-21T17:59:09,0.71,Clear,Clear conditions throughout the day.,clear-day,"41946099999,VECC,42809099999"
west bengal,2014-04-22,102.2,80.5,91.7,108.2,84.5,96.5,68.7,49.2,0,0,0,,,,,8.1,329.5,1009,6.9,1.9,262,22.6,9,,2014-04-22T05:10:56,2014-04-22T17:59:32,0.75,Clear,Clear conditions throughout the day.,clear-day,"41946099999,VECC,42809099999"
west bengal,2014-04-23,105.8,84.2,93.7,107.6,89.4,96.7,64.7,41.1,0,0,0,,,,,9.2,280.6,1006.9,6.9,2.2,277.5,23.8,8,,2014-04-23T05:10:09,2014-04-23T17:59:56,0.79,Clear,Clear conditions throughout the day.,clear-day,"41946099999,VECC,42809099999"
west bengal,2014-04-24,104,84.1,93.3,110.4,89.6,99.5,69.6,48.1,0,0,0,,,,,12.8,212.6,1004.6,21.5,2.2,277.5,23.9,9,,2014-04-24T05:09:23,2014-04-24T18:00:21,0.82,Partially cloudy,Partly cloudy throughout the day.,partly-cloudy-day,"41946099999,VECC,42809099999"
west bengal,2014-04-25,105.8,82.4,93.3,110.2,88.3,101.6,71.9,53.7,0,0,0,,,,,11.4,175.3,1004.7,11.1,2.1,303.3,26.2,10,,2014-04-25T05:08:37,2014-04-25T18:00:45,0.86,Clear,Clear conditions throughout the day.,clear-day,"41946099999,VECC,42809099999"
west bengal,2014-04-26,104,82.4,91.2,122,92.4,107.4,79.2,70.3,0,0,0,,,,,12.3,161.2,1004.9,17.1,2.1,298.2,25.6,10,,2014-04-26T05:07:52,2014-04-26T18:01:09,0.89,Clear,Clear conditions throughout the day.,clear-day,"41946099999,VECC,42809099999,remote"
west bengal,2014-04-27,104,82.4,91.4,128.4,94.2,109.2,80.1,72.2,0,0,0,,,,,16.1,169.6,1005.7,20.7,2.1,296.4,25.6,10,,2014-04-27T05:07:08,2014-04-27T18:01:34,0.93,Partially cloudy,Partly cloudy throughout the day.,partly-cloudy-day,"41946099999,VECC,42809099999"
west bengal,2014-04-28,98.6,84.2,90,117.7,96.1,105,78.6,70.3,0,0,0,,,,,12.8,159.2,1005.7,34.6,2.3,245,21.3,8,,2014-04-28T05:06:25,2014-04-28T18:01:59,0.96,Partially cloudy,Clearing in the afternoon.,partly-cloudy-day,"41946099999,VECC,42809099999"
west bengal,2014-04-29,100.4,80.6,89.6,120.2,87.2,103,77.8,69.6,0,0,0,,,,,16.1,170.4,1004.9,22.5,2.3,263.8,22.7,9,,2014-04-29T05:05:43,2014-04-29T18:02:24,0,Partially cloudy,Partly cloudy throughout the day.,partly-cloudy-day,"41946099999,VECC,42809099999"
west bengal,2014-04-30,100.4,80.6,89.6,120.2,85.2,102.4,77.1,68.2,0,0,0,,,,,15,158.9,1005.4,24.6,2.2,283.1,24.3,10,,2014-04-30T05:05:01,2014-04-30T18:02:50,0.03,Partially cloudy,Partly cloudy throughout the day.,partly-cloudy-day,"41946099999,VECC,42809099999"
west bengal,2014-05-01,102.1,82.4,89.5,120.2,92.4,103.7,78.5,71.9,0,0,0,,,,,17,168.3,1003.9,34.6,2.2,253.3,21.7,9,,2014-05-01T05:04:20,2014-05-01T18:03:15,0.06,Partially cloudy,Partly cloudy throughout the day.,partly-cloudy-day,"41946099999,VECC,42809099999"
west bengal,2014-05-02,96.8,77,85.6,112.4,77,91.9,73.9,69.9,0,0,0,,,,25.3,22.7,109.4,1006.1,48.6,2.2,195,16.9,7,,2014-05-02T05:03:40,2014-05-02T18:03:41,0.1,Partially cloudy,Partly cloudy throughout the day.,partly-cloudy-day,"41946099999,VECC,42809099999"
west bengal,2014-05-03,89.6,73.4,80.9,98.2,73.4,84,71.4,74,1.732,100,12.5,rain,,,,22.8,163.6,1006.4,51.1,2,185.8,16.1,6,,2014-05-03T05:03:01,2014-05-03T18:04:07,0.13,"Rain, Partially cloudy",Partly cloudy throughout the day with rain.,rain,"41946099999,VECC,42809099999"
west bengal,2014-05-04,93.2,73.4,82.6,110.3,73.4,90.1,74.3,76.9,0.472,100,4.17,rain,,,,16.1,177.9,1005.7,49.3,2.2,288.5,24.9,9,,2014-05-04T05:02:23,2014-05-04T18:04:33,0.16,"Rain, Partially cloudy",Partly cloudy throughout the day with late afternoon rain.,rain,"41946099999,VECC,42809099999"
west bengal,2014-05-05,86,75.2,80.9,93.5,75.2,84.8,71.6,74.1,0.012,100,4.17,rain,,,,15.7,160.5,1007.9,60.5,1.9,223.1,19.4,7,,2014-05-05T05:01:46,2014-05-05T18:04:59,0.19,"Rain, Partially cloudy",Partly cloudy throughout the day with early morning rain.,rain,"41946099999,VECC,42809099999,remote"
west bengal,2014-05-06,95,74.9,86,105.2,74.9,93.4,75.4,72.9,0,0,0,,,,,12.8,180.1,1008,32.9,2,311.9,26.9,10,,2014-05-06T05:01:10,2014-05-06T18:05:26,0.23,Partially cloudy,Clearing in the afternoon.,partly-cloudy-day,"41946099999,VECC,42809099999"
west bengal,2014-05-07,95,82.4,88,107.5,90.8,98.1,75.7,68.4,0,0,0,,,,,17.2,198.4,1005.7,42.9,2.5,308.8,26.7,10,,2014-05-07T05:00:35,2014-05-07T18:05:52,0.25,Partially cloudy,Partly cloudy throughout the day.,partly-cloudy-day,"41946099999,VECC,42809099999"
west bengal,2014-05-08,98.6,82.4,89.9,115.3,90.9,103.3,77.5,68.1,0,0,0,,,,,18.3,201.1,1002.8,33.8,2.5,291.1,25.2,9,,2014-05-08T05:00:00,2014-05-08T18:06:19,0.29,Partially cloudy,Partly cloudy throughout the day.,partly-cloudy-day,"41946099999,VECC,42809099999"
west bengal,2014-05-09,102.2,84.2,91.4,114.5,96.1,103.9,76.5,63.8,0,0,0,,,,,19.6,205.2,1000.6,38.7,2.4,209.9,18,7,,2014-05-09T04:59:27,2014-05-09T18:06:46,0.32,Partially cloudy,Partly cloudy throughout the day.,partly-cloudy-day,"41946099999,VECC,42809099999"
west bengal,2014-05-10,98.6,84.2,90.1,107.7,89.4,97.1,71.4,54.7,0,0,0,,,,,15,223.4,1002.3,76.1,2.3,249.3,21.4,8,,2014-05-10T04:58:55,2014-05-10T18:07:13,0.35,Partially cloudy,Partly cloudy throughout the day.,partly-cloudy-day,"41946099999,VECC,42809099999"
west bengal,2014-05-11,95,82.4,88.3,112.8,87.2,98.7,75.3,66.1,0.039,100,4.17,rain,,,,13.7,185.2,1003.5,43.5,2.6,247.8,21.5,8,,2014-05-11T04:58:24,2014-05-11T18:07:40,0.39,"Rain, Partially cloudy",Partly cloudy throughout the day with early morning rain.,rain,"41946099999,VECC,42809099999"
west bengal,2014-05-12,105.8,82.3,91.5,116.8,89.3,102.4,75.1,62.5,0,0,0,,,,,15.9,173.6,1003.2,18.5,2.2,229.4,19.9,7,,2014-05-12T04:57:53,2014-05-12T18:08:07,0.42,Clear,Clear conditions throughout the day.,clear-day,"41946099999,VECC,42809099999"
west bengal,2014-05-13,103.9,82.7,91.5,124.9,94.5,109.2,80,71.2,0,0,0,,,,,15,173.5,1003.6,24.8,2.2,244,21.3,7,,2014-05-13T04:57:24,2014-05-13T18:08:34,0.45,Partially cloudy,Partly cloudy throughout the day.,partly-cloudy-day,"41946099999,VECC,42809099999,remote"
west bengal,2014-05-14,104,86,92.6,116.9,99.4,108,78.1,65.7,0,0,0,,,,,12.8,186.4,1002.8,23.3,2,228.1,19.8,7,,2014-05-14T04:56:56,2014-05-14T18:09:02,0.48,Partially cloudy,Partly cloudy throughout the day.,partly-cloudy-day,"41946099999,VECC,42809099999"
west bengal,2014-05-15,102.2,84.2,92.6,113.5,89.5,100.2,69.9,53.8,0,0,0,,,,,15,215.9,1001.8,12,2.2,272.7,23.6,9,,2014-05-15T04:56:29,2014-05-15T18:09:29,0.5,Clear,Clear conditions throughout the day.,clear-day,"41946099999,VECC,42809099999"
west bengal,2014-05-16,104,82.4,91.9,118.6,92.5,102.4,73.9,60.1,0,0,0,,,,,15,173,1003,25.3,2.1,314.7,27.2,10,,2014-05-16T04:56:03,2014-05-16T18:09:57,0.55,Partially cloudy,Partly cloudy throughout the day.,partly-cloudy-day,"41946099999,VECC,42809099999"
west bengal,2014-05-17,105.7,86,92.4,117,95.2,105.7,76.6,63.1,0,0,0,,,,,15,195.9,1004.6,17.5,2.1,279.9,24.4,9,,2014-05-17T04:55:38,2014-05-17T18:10:24,0.59,Clear,Clear conditions throughout the day.,clear-day,"41946099999,VECC,42809099999"
west bengal,2014-05-18,104,84.2,92.2,116.9,96.1,105.8,77.1,64.1,0,0,0,,,,,16.1,189.8,1004.2,25.4,2.2,248.4,21.5,8,,2014-05-18T04:55:15,2014-05-18T18:10:52,0.62,Partially cloudy,Partly cloudy throughout the day.,partly-cloudy-day,"41946099999,VECC,42809099999"
west bengal,2014-05-19,104,84.2,92.1,114.7,94.2,105.2,76.7,63.9,0,0,0,,,,,13.9,175.8,1004.4,15.6,1.8,267,23.2,9,,2014-05-19T04:54:52,2014-05-19T18:11:19,0.66,Clear,Clear conditions throughout the day.,clear-day,"41946099999,VECC,42809099999"
west bengal,2014-05-20,105.8,82.4,92.2,114.5,94.2,105.6,76.5,65.6,0,0,0,,,,,16.1,189.5,1003.4,23.3,2,255.6,22,8,,2014-05-20T04:54:30,2014-05-20T18:11:47,0.7,Partially cloudy,Partly cloudy throughout the day.,partly-cloudy-day,"41946099999,VECC,42809099999"
west bengal,2014-05-21,105.7,84.2,92.1,121.5,98.3,106.8,77.9,66.4,0,0,0,,,,,16.1,179.5,1001.4,19.8,2,203.1,17.5,7,,2014-05-21T04:54:10,2014-05-21T18:12:14,0.75,Clear,Clear conditions throughout the day.,clear-day,"41946099999,VECC,42809099999"
west bengal,2014-05-22,102.2,84.2,91,117.2,95.2,104.8,77.5,66.7,0,0,0,,,,,16.1,169.5,1000.3,38.5,2.2,164,14.1,5,,2014-05-22T04:53:51,2014-05-22T18:12:41,0.77,Partially cloudy,Partly cloudy throughout the day.,partly-cloudy-day,"41946099999,VECC,42809099999"
west bengal,2014-05-23,100.4,84.2,91.3,112.2,96.1,104.5,77,65.3,0,0,0,,,,,13.9,165.1,1002.2,31.3,2.4,238.3,20.4,8,,2014-05-23T04:53:32,2014-05-23T18:13:09,0.8,Partially cloudy,Partly cloudy throughout the day.,partly-cloudy-day,"41946099999,VECC,42809099999"
west bengal,2014-05-24,98.5,84.2,88.7,117.5,92.4,102.5,78.1,72.1,0,0,0,,,,,18.1,119.1,1005.2,46.1,2.4,170.5,14.6,6,,2014-05-24T04:53:15,2014-05-24T18:13:36,0.84,Partially cloudy,Partly cloudy throughout the day.,partly-cloudy-day,"41946099999,VECC,42809099999"
west bengal,2014-05-25,91.4,80.6,82.9,107.8,87,92.1,77.8,85.2,0.079,100,4.17,rain,,,,13.7,93.9,1006.9,61.8,2,114.2,9.8,3,,2014-05-25T04:52:59,2014-05-25T18:14:03,0.87,"Rain, Partially cloudy",Partly cloudy throughout the day with afternoon rain.,rain,"41946099999,VECC,42809099999"
west bengal,2014-05-26,89.6,77.1,82.4,105.2,77.1,90.8,78.3,88,0.709,100,4.17,rain,,,,11.4,95,1007.1,72.6,1.7,231.3,20,8,,2014-05-26T04:52:45,2014-05-26T18:14:30,0.91,"Rain, Partially cloudy",Partly cloudy throughout the day with afternoon rain.,rain,"41946099999,VECC,42809099999,remote"
west bengal,2014-05-27,82.5,78.8,80.1,94.3,78.8,84.7,77.5,92,0.512,100,4.17,rain,,,,9.2,111.6,1005,73.9,1.6,247,21.5,8,,2014-05-27T04:52:31,2014-05-27T18:14:56,0.95,"Rain, Partially cloudy",Partly cloudy throughout the day with morning rain.,rain,"41946099999,VECC,42809099999"
west bengal,2014-05-28,94.9,78.8,85.1,107.8,78.8,93.7,76.7,77.4,0,0,0,,,,,13.9,200.8,1003,62.8,2.1,212.7,18.2,7,,2014-05-28T04:52:18,2014-05-28T18:15:23,0.98,Partially cloudy,Partly cloudy throughout the day.,partly-cloudy-day,"41946099999,VECC,42809099999"
west bengal,2014-05-29,95,78.8,86.7,116.1,78.8,99.3,78.7,78.3,0,0,0,,,,,11.4,169.7,1004.1,37.9,2.1,177.4,15.2,5,,2014-05-29T04:52:07,2014-05-29T18:15:49,0,Partially cloudy,Partly cloudy throughout the day.,partly-cloudy-day,"41946099999,VECC,42809099999"
west bengal,2014-05-30,98.6,82.4,89.4,117.7,92.4,106.2,80.1,75.3,0,0,0,,,,,18.3,167,1002,56.9,2.1,173.7,14.9,6,,2014-05-30T04:51:57,2014-05-30T18:16:15,0.05,Partially cloudy,Partly cloudy throughout the day.,partly-cloudy-day,"VECC,42809099999"
west bengal,2014-05-31,87.8,73.4,79.3,108.3,73.4,85.4,76.3,90.7,1.299,100,4.17,rain,,,,12.8,171.8,1001.9,74.8,1.7,142.2,12.5,4,,2014-05-31T04:51:48,2014-05-31T18:16:41,0.08,"Rain, Partially cloudy",Partly cloudy throughout the day with morning rain.,rain,"41946099999,VECC,42809099999"
west bengal,2014-06-01,87.8,73.4,82.6,102.4,73.4,90.6,75.9,80.9,0,0,0,,,,,6.8,151.7,1003.6,57.9,1.6,231.3,20,8,,2014-06-01T04:51:40,2014-06-01T18:17:06,0.11,Partially cloudy,Partly cloudy throughout the day.,partly-cloudy-day,"41946099999,VECC,42809099999"
west bengal,2014-06-02,95,82.4,85.5,112.8,90.9,98.3,78.9,81.3,0,0,0,,,,,8.1,185.6,1003.7,56.9,1.9,137.6,11.6,4,,2014-06-02T04:51:33,2014-06-02T18:17:31,0.15,Partially cloudy,Partly cloudy throughout the day.,partly-cloudy-day,"41946099999,VECC,42809099999"
west bengal,2014-06-03,91.4,80.6,86.1,118,87.1,101.5,80.2,83,0,0,0,,,,,10.2,166.8,1002,67.8,1.7,183.6,15.9,6,,2014-06-03T04:51:27,2014-06-03T18:17:56,0.18,Partially cloudy,Partly cloudy throughout the day.,partly-cloudy-day,"41946099999,VECC,42809099999"
west bengal,2014-06-04,96.8,84.2,89.6,116.1,98.2,106.4,79.9,74.4,0,0,0,,,,,13,184.1,1001,49.4,2.1,149.6,13.1,5,,2014-06-04T04:51:23,2014-06-04T18:18:20,0.21,Partially cloudy,Partly cloudy throughout the day.,partly-cloudy-day,"41946099999,VECC,42809099999,remote"
west bengal,2014-06-05,96.8,84.2,89.3,115.3,98.3,105.3,79.5,73.9,0,0,0,,,,,15,180.2,999.9,34.2,2.1,202.6,17.6,7,,2014-06-05T04:51:19,2014-06-05T18:18:44,0.24,Partially cloudy,Partly cloudy throughout the day.,partly-cloudy-day,"41946099999,VECC,42809099999"
west bengal,2014-06-06,98.6,84.2,89.8,121,98.3,106.6,79.9,74,0,0,0,,,,,17.2,176.1,998.7,40.6,2.1,156.2,13.5,5,,2014-06-06T04:51:17,2014-06-06T18:19:07,0.25,Partially cloudy,Partly cloudy throughout the day.,partly-cloudy-day,"41946099999,VECC,42809099999"
west bengal,2014-06-07,96.8,84.2,89.7,118.6,94.2,106.5,79.8,73.5,0,0,0,,,,,18.3,174,997.8,45.3,2.1,201.4,17.4,6,,2014-06-07T04:51:15,2014-06-07T18:19:30,0.31,Partially cloudy,Partly cloudy throughout the day.,partly-cloudy-day,"41946099999,VECC,42809099999"
west bengal,2014-06-08,95,82.4,89,116.1,88.3,105.9,79.9,75.2,0,0,0,,,,,18.3,171.2,997,50,2.2,148.7,12.7,5,,2014-06-08T04:51:15,2014-06-08T18:19:52,0.34,Partially cloudy,Partly cloudy throughout the day.,partly-cloudy-day,"VECC,42809099999"
west bengal,2014-06-09,96.8,84.2,90,122.3,98.3,109.2,81.1,75.8,0,0,0,,,,,17.2,171.7,997.1,63.7,2.1,121.1,10.4,4,,2014-06-09T04:51:16,2014-06-09T18:20:14,0.37,Partially cloudy,Partly cloudy throughout the day.,partly-cloudy-day,"VECC,42809099999"
west bengal,2014-06-10,98.6,84.2,90.4,121.1,98.3,110.2,81.3,75.5,0,0,0,,,,,13.9,174.3,997.5,45.3,1.9,128,11,4,,2014-06-10T04:51:18,2014-06-10T18:20:36,0.41,Partially cloudy,Partly cloudy throughout the day.,partly-cloudy-day,"41946099999,VECC,42809099999"
west bengal,2014-06-11,100.4,82.4,90.4,127.2,88.3,109.8,80.8,74.5,0.016,100,4.17,rain,,,,16.1,170.5,996.9,54.4,2.1,127.6,11,4,,2014-06-11T04:51:21,2014-06-11T18:20:56,0.44,"Rain, Partially cloudy",Partly cloudy throughout the day with late afternoon rain.,rain,"41946099999,VECC,42809099999"
west bengal,2014-06-12,100.4,82.4,89.4,131.4,89.5,107.4,80,74.9,1.024,100,4.17,rain,,,25.3,13.9,168.4,995.5,45.6,2,237.1,20.4,8,,2014-06-12T04:51:25,2014-06-12T18:21:17,0.47,"Rain, Partially cloudy",Partly cloudy throughout the day with late afternoon rain.,rain,"41946099999,VECC,42809099999"
west bengal,2014-06-13,96.8,82.3,89.8,125.7,90.6,108.5,80.5,75.1,0.016,100,4.17,rain,,,,11.4,127.7,995.4,53.7,1.7,150.6,13,5,,2014-06-13T04:51:30,2014-06-13T18:21:36,0.5,"Rain, Partially cloudy",Partly cloudy throughout the day with early morning rain.,rain,"41946099999,VECC,42809099999"
west bengal,2014-06-14,102.2,77,87.4,125.8,77,101.2,78.6,76.5,0.591,100,4.17,rain,,,,13.9,173.6,997.3,52.8,1.8,113,9.6,4,,2014-06-14T04:51:35,2014-06-14T18:21:55,0.54,"Rain, Partially cloudy",Partly cloudy throughout the day with afternoon rain.,rain,"41946099999,VECC,42809099999,remote"
west bengal,2014-06-15,100.3,77,84.6,131.2,77,95.5,78.3,82.6,0.906,100,4.17,rain,,,,34,153,998,62.2,1.8,163.2,14.2,5,,2014-06-15T04:51:42,2014-06-15T18:22:13,0.57,"Rain, Partially cloudy",Partly cloudy throughout the day with afternoon rain.,rain,"41946099999,VECC,42809099999"
west bengal,2014-06-16,96.8,78.8,87.6,118.6,78.8,100.6,78.6,76.2,2.008,100,4.17,rain,,,,15,114.7,997.9,47,1.9,153.8,13.3,5,,2014-06-16T04:51:50,2014-06-16T18:22:30,0.61,"Rain, Partially cloudy",Partly cloudy throughout the day with late afternoon rain.,rain,"41946099999,VECC,42809099999"
west bengal,2014-06-17,96.8,77,86.1,118.4,77,100.7,80.1,83.3,0.276,100,4.17,rain,,,,10.3,115.2,997,70.8,1.8,145.6,12.7,5,,2014-06-17T04:51:59,2014-06-17T18:22:47,0.64,"Rain, Partially cloudy",Partly cloudy throughout the day with afternoon rain.,rain,"41946099999,VECC,42809099999"
west bengal,2014-06-18,89.6,82.4,85.2,115.2,94,101.7,81.6,89.2,0.276,100,4.17,rain,,,,9.2,169.6,996.2,72.8,1.7,122.9,10.6,4,,2014-06-18T04:52:08,2014-06-18T18:23:03,0.68,"Rain, Partially cloudy",Partly cloudy throughout the day with morning rain.,rain,"41946099999,VECC,42809099999"
west bengal,2014-06-19,84.2,82.4,83.7,100.7,92.4,98.2,81.4,93,0.315,100,8.33,rain,,,,6.9,189.7,995.3,94.1,1.3,121.3,10.4,4,,2014-06-19T04:52:19,2014-06-19T18:23:18,0.72,"Rain, Overcast",Cloudy skies throughout the day with rain in the morning and afternoon.,rain,"41946099999,VECC,42809099999"
west bengal,2014-06-20,89.6,80.6,83.1,108.1,88.1,94.6,79.9,90.3,0.236,100,8.33,rain,,,,8.1,213.5,994.7,83.5,1.9,101.9,8.9,4,,2014-06-20T04:52:30,2014-06-20T18:23:32,0.75,"Rain, Partially cloudy",Partly cloudy throughout the day with rain.,rain,"41946099999,VECC,42809099999"
west bengal,2014-06-21,82.4,80.6,81.3,94.1,87.1,90,79,92.7,0.275,100,8.33,rain,,,,13.9,216.5,997.2,90.9,1.8,108.6,9.5,4,,2014-06-21T04:52:43,2014-06-21T18:23:46,0.79,"Rain, Overcast",Cloudy skies throughout the day with rain in the morning and afternoon.,rain,"41946099999,VECC,42809099999"
west bengal,2014-06-22,91.4,80.6,85.8,108.1,87.1,99.8,79.8,83,0.275,100,8.33,rain,,,,10.3,207.9,998.7,86.9,1.7,99.8,8.5,3,,2014-06-22T04:52:56,2014-06-22T18:23:58,0.82,"Rain, Partially cloudy",Partly cloudy throughout the day with rain.,rain,"41946099999,VECC,42809099999"
west bengal,2014-06-23,93.2,82.4,88.1,122.7,94.1,108.6,82.5,84.1,0,0,0,,,,,8.1,186.5,997.7,88.3,1.7,125.9,10.9,4,,2014-06-23T04:53:10,2014-06-23T18:24:10,0.86,Partially cloudy,Partly cloudy throughout the day.,partly-cloudy-day,"41946099999,VECC,42809099999"
west bengal,2014-06-24,89.6,82.4,84.9,115.2,92.3,100.3,80.8,87.6,0,0,0,,,,,11.4,150.2,996.3,76,1.9,129.5,11.1,4,,2014-06-24T04:53:24,2014-06-24T18:24:20,0.89,Partially cloudy,Partly cloudy throughout the day.,partly-cloudy-day,"41946099999,VECC,42809099999"
west bengal,2014-06-25,93.2,78.8,83.8,121.1,78.8,96.3,80.1,88.9,1.181,100,4.17,rain,,,,13.9,150.1,998,89.7,1.7,159.7,13.8,5,,2014-06-25T04:53:40,2014-06-25T18:24:30,0.93,"Rain, Partially cloudy",Partly cloudy throughout the day with afternoon rain.,rain,"41946099999,VECC,42809099999"
west bengal,2014-06-26,89.6,80.6,84.9,108.1,88.1,98.7,80.1,86.2,0.012,100,4.17,rain,,,,11.4,133.1,1001,80.9,1.7,202.2,17.4,7,,2014-06-26T04:53:56,2014-06-26T18:24:39,0.96,"Rain, Partially cloudy",Partly cloudy throughout the day with afternoon rain.,rain,"41946099999,VECC,42809099999"
west bengal,2014-06-27,89.6,82.4,84.9,105.2,94.1,98.9,80.1,85.9,0.039,100,4.17,rain,,,,9.2,145.5,1003.1,72.8,2.2,244.6,21.1,8,,2014-06-27T04:54:12,2014-06-27T18:24:47,0,"Rain, Partially cloudy",Partly cloudy throughout the day with afternoon rain.,rain,"41946099999,VECC,42809099999"
west bengal,2014-06-28,93.2,80.6,85.8,113.5,88.1,100.8,80.6,85.2,0.984,100,4.17,rain,,,,9.2,150.3,1001.3,74.1,2.3,271.9,23.6,8,,2014-06-28T04:54:30,2014-06-28T18:24:54,0.03,"Rain, Partially cloudy",Partly cloudy throughout the day with late afternoon rain.,rain,"41946099999,VECC,42809099999"
west bengal,2014-06-29,93.2,78.8,84.6,117.1,78.8,98.3,80.7,88.6,1.496,100,4.17,rain,,,,10.2,187.3,999.3,81.4,1.9,114.2,9.8,4,,2014-06-29T04:54:48,2014-06-29T18:25:00,0.06,"Rain, Partially cloudy",Partly cloudy throughout the day with afternoon rain.,rain,"41946099999,VECC,42809099999"
west bengal,2014-06-30,87.8,78.8,83.4,102.4,78.8,93,78.8,86.5,0.118,100,4.17,rain,,,,5.8,167.1,999,84.2,1.7,105.2,9.1,4,,2014-06-30T04:55:07,2014-06-30T18:25:04,0.1,"Rain, Partially cloudy",Partly cloudy throughout the day with early morning rain.,rain,"41946099999,VECC,42809099999"
